,acc,batch_size
0,0.67166,512.0
1,0.6953,256.0
2,0.62478,128.0