,acc,clip_value
0,0.45312,1e-05
1,0.76078,0.001
2,0.81686,0.1
3,0.78912,1.0
4,0.7917,0.01